EntryType,FirstName,LastName,BusinessName,Address1,Address2,Address3,City,Province,Country,PostalCode,Email1,Email2,Email3,PhoneType1,Phone1,PhoneType2,Phone2,PhoneType3,Phone3,Website1,Website2,Website3
Family,Katerine,Stoltenberg,Hilll LLC,127 Alba Hills,Suite 118, ,East Gitaport,Oklahoma,Canada,80099,neville.ernser@gmail.com,donna.abshire@yahoo.com,glynis.friesen@hotmail.com,Home,(461) 290-1793,Mobile,420-056-3198,Work,684.326.2222,www.delmer-witting.name,www.earnest-fay.biz,www.annabel-streich.name
Family,Jacinto,Sawayn,Kris-Jenkins,30961 Bobbie Ridge,Suite 862, ,Flatleybury,Idaho,Canada,77424-6162,lowell.rolfson@hotmail.com,caridad.ritchie@hotmail.com,sheldon.doyle@yahoo.com,Home,(380) 222-9730,Mobile,(190) 558-0741,Work,832.694.7938,www.mason-bailey.name,www.terrance-cummerata.info,www.donnetta-ferry.com
Family,Derrick,Zieme,Larson and Sons,3450 Kautzer Port,Suite 328, ,Cristopherborough,Delaware,Canada,72397-9664,cecil.mcdermott@hotmail.com,roosevelt.rogahn@gmail.com,toby.weber@hotmail.com,Home,1-384-181-4969,Mobile,1-435-876-6911,Work,1-203-747-2700 x040,www.charise-orn.net,www.irvin-abernathy.io,www.piper-spinka.name
Family,Allen,Langosh,Pacocha Inc,04917 Wintheiser Fall,Suite 073, ,North Pearlystad,West Virginia,Canada,59918-2154,jack.zulauf@gmail.com,nelda.dach@hotmail.com,lucilla.lehner@yahoo.com,Home,071-596-1483,Mobile,1-367-981-2224,Work,212-197-4061 x89877,www.lorilee-howell.co,www.jarvis-oberbrunner.biz,www.sidney-beatty.co
Family,Erma,McLaughlin,Abernathy-Feest,555 Jonelle Freeway,Apt. 941, ,Pasqualeberg,California,Canada,99413,willette.crist@hotmail.com,roosevelt.marquardt@yahoo.com,fleta.oconner@gmail.com,Home,(231) 604-4832,Mobile,168-139-2421,Work,(709) 950-1725,www.frank-medhurst.info,www.charles-bosco.io,www.luvenia-kemmer.biz
Family,Jewell,Balistreri,Thiel-Wunsch,269 Ramon Way,Suite 253, ,New Robt,Nebraska,Canada,55503,lida.deckow@gmail.com,chung.kertzmann@gmail.com,carleen.fisher@gmail.com,Home,252.433.9757,Mobile,744-527-3145,Work,275.608.1569 x8621,www.meridith-dooley.com,www.gaye-robel.net,www.ilana-effertz.name
Family,Lincoln,Frami,Parisian Group,22083 Dee Lodge,Suite 873, ,Corlissside,South Dakota,Canada,28892-3135,tyrone.paucek@yahoo.com,stephen.heidenreich@yahoo.com,mathew.ratke@hotmail.com,Home,(898) 561-3863,Mobile,950.790.5504,Work,065-756-8431,www.rolanda-thiel.com,www.kayleigh-franecki.co,www.sherice-stehr.io
Family,Stanford,Block,Waelchi LLC,63618 Brendon Squares,Apt. 683, ,Lake Steven,Missouri,Canada,73181,cyrus.gutkowski@gmail.com,lowell.streich@yahoo.com,emory.block@yahoo.com,Home,697-081-4550,Mobile,524.875.5189,Work,(544) 662-0451 x577,www.trent-murazik.net,www.eugenie-waelchi.com,www.marylou-kihn.com
Family,Ariel,Keebler,Stoltenberg LLC,79953 Bailey Divide,Apt. 790, ,North Elroy,Vermont,Canada,68957-9612,jim.lang@yahoo.com,carry.pagac@yahoo.com,allen.pagac@hotmail.com,Home,1-558-051-7309,Mobile,231-624-8492,Work,423-091-8126 x07842,www.blair-mccullough.com,www.kindra-kohler.name,www.blondell-mayer.co
Family,Everette,Waelchi,CarterOsinski and Sipes,5074 Dibbert Bypass,Suite 863,,West Deweyborough,Ohio,Canada,00595-8427,darlene.kilback@gmail.com,jerrold.kub@gmail.com,dean.johnson@gmail.com,Home,(182) 886-7337,Mobile,1-320-830-5619,Work,050.928.1674 x433,www.arden-hodkiewicz.co,www.lee-kihn.com,www.norberto-hudson.name
